Datum,PS_COVID_Faelle,UG_PI_COVID_Faelle,OG_PI_COVID_Faelle,PS_COVID_Faelle_ma4,UG_PI_COVID_Faelle_ma4,OG_PI_COVID_Faelle_ma4,PS_7_Tage_R_Wert,UG_PI_7_Tage_R_Wert,OG_PI_7_Tage_R_Wert
2020-03-02,303,292,318,225,213,238,,,
2020-03-03,321,304,336,261,248,275,,,
2020-03-04,449,430,469,326,311,342,,,
2020-03-05,503,483,524,394,377,412,,,
2020-03-06,757,735,782,507,488,528,2.34,2.28,2.39
2020-03-07,984,957,1008,673,651,696,2.56,2.5,2.61
2020-03-08,1336,1309,1373,895,871,922,2.93,2.88,2.98
2020-03-09,2020,1984,2052,1274,1246,1304,3.13,3.09,3.18
2020-03-10,2574,2532,2620,1728,1695,1763,3.22,3.18,3.26
2020-03-11,3238,3190,3283,2292,2253,2332,3.12,3.08,3.16
2020-03-12,3603,3534,3651,2859,2810,2901,2.84,2.82,2.87
2020-03-13,4353,4291,4408,3442,3386,3490,2.5,2.48,2.52
2020-03-14,4434,4373,4480,3907,3847,3955,2.18,2.17,2.2
2020-03-15,4677,4615,4734,4267,4203,4318,1.99,1.98,2
2020-03-16,6019,5956,6079,4871,4809,4925,1.74,1.73,1.75
2020-03-17,5236,5177,5296,5091,5030,5147,1.56,1.55,1.57
2020-03-18,5286,5230,5337,5304,5244,5362,1.39,1.39,1.4
2020-03-19,4726,4668,4780,5317,5258,5373,1.24,1.23,1.24
2020-03-20,5328,5262,5379,5144,5084,5198,1.13,1.13,1.14
2020-03-21,4443,4381,4514,4946,4885,5002,1.04,1.03,1.04
2020-03-22,3817,3759,3865,4578,4517,4634,.98,.97,.98
2020-03-23,5152,5096,5225,4685,4624,4746,.92,.92,.92
2020-03-24,4078,4024,4132,4373,4315,4434,.89,.89,.9
2020-03-25,4418,4353,4471,4366,4308,4423,.9,.89,.9
2020-03-26,3996,3927,4063,4411,4350,4473,.88,.88,.89
2020-03-27,4123,4052,4184,4154,4089,4212,.9,.89,.9
2020-03-28,3890,3834,3953,4107,4041,4168,.9,.9,.91
2020-03-29,3261,3202,3320,3818,3753,3880,.9,.9,.91
2020-03-30,4392,4328,4463,3917,3854,3980,.92,.92,.93
2020-03-31,3571,3517,3640,3778,3720,3844,.93,.92,.93
2020-04-01,4045,3983,4107,3817,3757,3883,.93,.93,.94
2020-04-02,3724,3674,3794,3933,3875,4001,.94,.94,.95
2020-04-03,3726,3650,3790,3766,3706,3833,.93,.92,.94
2020-04-04,3008,2952,3060,3626,3565,3688,.92,.92,.93
2020-04-05,2698,2644,2740,3289,3230,3346,.89,.89,.9
2020-04-06,3343,3294,3389,3194,3135,3245,.89,.88,.89
2020-04-07,3055,2999,3111,3026,2972,3075,.87,.86,.88
2020-04-08,2873,2814,2930,2992,2937,3042,.85,.84,.86
2020-04-09,2701,2661,2760,2993,2942,3047,.83,.82,.84
2020-04-10,2322,2276,2363,2738,2687,2791,.81,.8,.81
2020-04-11,2018,1970,2061,2478,2430,2528,.81,.81,.82
2020-04-12,1953,1906,2010,2248,2203,2298,.79,.78,.79
2020-04-13,1886,1837,1932,2045,1997,2091,.79,.78,.79
2020-04-14,1951,1907,1998,1952,1905,2000,.78,.77,.78
2020-04-15,1940,1887,1995,1932,1884,1983,.76,.75,.76
2020-04-16,1750,1698,1793,1882,1832,1929,.78,.77,.79
2020-04-17,1642,1592,1687,1821,1771,1868,.8,.79,.81
2020-04-18,1434,1394,1485,1692,1643,1740,.81,.8,.82
2020-04-19,1310,1263,1351,1534,1487,1579,.84,.83,.85
2020-04-20,1579,1537,1615,1491,1446,1534,.84,.83,.85
2020-04-21,1351,1303,1392,1419,1374,1461,.83,.82,.83
2020-04-22,1294,1251,1345,1383,1338,1426,.83,.82,.84
2020-04-23,1268,1228,1304,1373,1330,1414,.81,.8,.82
2020-04-24,1143,1105,1183,1264,1222,1306,.81,.8,.82
2020-04-25,1007,960,1041,1178,1136,1218,.82,.81,.83
2020-04-26,905,869,945,1081,1040,1118,.82,.81,.83
2020-04-27,1100,1066,1143,1039,1000,1078,.82,.81,.83
2020-04-28,944,901,975,989,949,1026,.81,.8,.82
2020-04-29,868,833,904,954,917,992,.81,.8,.82
2020-04-30,937,907,966,962,927,997,.81,.81,.83
2020-05-01,814,776,853,891,854,925,.82,.81,.84
2020-05-02,743,714,773,840,807,874,.85,.84,.87
2020-05-03,756,726,790,812,781,845,.86,.85,.88
2020-05-04,891,861,921,801,769,834,.89,.87,.9
2020-05-05,813,785,848,800,771,833,.9,.89,.92
2020-05-06,744,719,776,801,773,833,.89,.88,.9
2020-05-07,705,674,738,788,760,820,.9,.88,.91
2020-05-08,680,646,706,735,706,767,.89,.88,.9
2020-05-09,580,547,610,677,647,707,.87,.86,.89
2020-05-10,557,528,588,630,599,660,.87,.85,.88
2020-05-11,664,637,694,620,589,649,.85,.84,.86
2020-05-12,621,592,648,605,576,635,.85,.83,.86
2020-05-13,588,552,619,607,577,637,.85,.83,.86
2020-05-14,530,501,558,601,570,630,.89,.87,.9
2020-05-15,678,649,704,604,574,632,.92,.91,.94
2020-05-16,560,537,592,589,560,618,.93,.91,.95
2020-05-17,442,418,472,552,526,581,.96,.94,.97
2020-05-18,616,583,645,574,547,603,.92,.9,.93
2020-05-19,464,438,493,521,494,550,.92,.9,.93
2020-05-20,561,530,598,521,492,552,.91,.89,.93
2020-05-21,391,365,420,508,479,539,.85,.83,.86
2020-05-22,387,361,414,451,423,481,.83,.82,.85
2020-05-23,367,341,391,426,399,455,.82,.8,.84
2020-05-24,371,346,398,379,353,406,.81,.79,.83
2020-05-25,468,447,490,398,373,423,.87,.85,.89
2020-05-26,435,412,464,410,386,436,.89,.87,.91
2020-05-27,453,431,473,432,409,456,.91,.89,.93
2020-05-28,378,347,403,434,409,457,.94,.92,.96
2020-05-29,346,328,366,403,379,426,.92,.9,.94
2020-05-30,291,265,316,367,343,389,.92,.9,.94
2020-05-31,269,248,291,321,297,344,.87,.85,.89
2020-06-01,328,309,354,308,287,332,.89,.86,.91
2020-06-02,439,408,468,332,307,357,.89,.87,.91
2020-06-03,399,370,427,359,334,385,.91,.89,.94
2020-06-04,341,323,360,377,352,402,.95,.93,.98
2020-06-05,319,293,345,375,348,400,.96,.93,.99
2020-06-06,300,282,327,340,317,365,.96,.94,.99
2020-06-07,231,208,252,298,276,321,1.01,.98,1.03
2020-06-08,409,382,433,315,291,339,1.03,1,1.05
2020-06-09,449,425,479,347,324,373,1.04,1.01,1.06
2020-06-10,433,404,457,381,354,405,1.06,1.04,1.09
2020-06-11,367,350,386,415,390,439,1.05,1.03,1.08
2020-06-12,374,348,394,406,382,429,1.07,1.04,1.1
2020-06-13,367,338,388,385,360,406,1.11,1.09,1.14
2020-06-14,354,326,385,365,341,388,1.19,1.16,1.23
2020-06-15,646,611,686,435,406,463,1.43,1.39,1.46
2020-06-16,1114,1075,1153,620,587,653,1.48,1.44,1.5
2020-06-17,660,630,697,693,660,730,1.47,1.45,1.51
2020-06-18,536,503,566,739,704,775,1.42,1.39,1.44
2020-06-19,572,528,605,720,684,755,1.19,1.17,1.22
2020-06-20,473,441,510,560,525,594,1.13,1.1,1.15
2020-06-21,367,340,396,487,453,519,1.04,1.01,1.06
2020-06-22,470,438,498,471,437,502,.83,.81,.84
2020-06-23,429,406,454,435,406,464,.76,.75,.78
2020-06-24,468,442,492,434,406,460,.73,.71,.74
2020-06-25,410,386,439,445,418,471,.73,.71,.74
2020-06-26,433,407,454,435,410,460,.84,.82,.86
2020-06-27,352,326,378,416,390,441,.87,.85,.89
2020-06-28,313,285,330,377,351,400,.89,.87,.91
2020-06-29,428,404,451,381,355,403,.93,.91,.95
2020-06-30,435,407,460,382,355,404,.95,.92,.97
2020-07-01,404,378,433,395,368,418,.94,.92,.96
2020-07-02,342,322,369,402,377,428,.92,.9,.94
2020-07-03,345,323,369,382,357,407,.9,.88,.93
2020-07-04,300,279,325,348,325,374,.92,.9,.94
2020-07-05,290,262,311,319,296,343,.92,.9,.95
2020-07-06,371,350,390,326,303,348,.93,.91,.95
2020-07-07,376,349,395,334,310,355,.93,.91,.95
2020-07-08,359,336,386,349,324,370,.95,.93,.97
2020-07-09,377,359,399,370,348,392,1.01,.98,1.04
2020-07-10,429,404,459,385,362,409,1.07,1.03,1.1
2020-07-11,386,361,407,388,365,413,1.12,1.09,1.15
2020-07-12,360,333,384,388,364,412,1.17,1.15,1.2
2020-07-13,542,519,576,430,404,456,1.19,1.16,1.22
2020-07-14,517,490,541,452,426,477,1.23,1.2,1.25
2020-07-15,558,528,594,494,467,523,1.23,1.2,1.26
2020-07-16,469,437,499,522,494,552,1.19,1.16,1.23
2020-07-17,533,509,564,519,491,549,1.17,1.14,1.19
2020-07-18,486,462,510,511,484,541,1.14,1.12,1.17
2020-07-19,517,495,546,501,476,529,1.16,1.13,1.17
2020-07-20,689,654,720,556,530,585,1.17,1.15,1.2
2020-07-21,701,669,734,598,570,627,1.19,1.17,1.22
2020-07-22,736,709,772,661,631,693,1.2,1.17,1.22
2020-07-23,676,639,712,701,668,734,1.19,1.17,1.21
2020-07-24,692,661,726,701,669,736,1.17,1.15,1.19
2020-07-25,618,589,653,680,649,715,1.14,1.12,1.16
2020-07-26,607,577,638,648,616,682,1.12,1.1,1.14
2020-07-27,822,787,862,685,653,719,1.09,1.07,1.11
2020-07-28,764,734,802,703,671,738,1.06,1.05,1.08
2020-07-29,740,710,772,733,702,768,1.06,1.05,1.08
2020-07-30,764,730,796,773,740,808,1.05,1.03,1.07
2020-07-31,776,734,809,761,727,794,1.08,1.06,1.1
2020-08-01,823,791,868,776,741,811,1.13,1.11,1.16
2020-08-02,889,849,925,813,776,849,1.17,1.15,1.18
2020-08-03,1082,1038,1125,893,853,932,1.19,1.17,1.21
2020-08-04,993,956,1038,947,908,989,1.19,1.17,1.21
2020-08-05,986,941,1028,988,946,1029,1.17,1.16,1.2
2020-08-06,1004,951,1051,1016,971,1060,1.17,1.15,1.19
2020-08-07,1048,1002,1092,1008,963,1052,1.15,1.14,1.17
2020-08-08,1003,952,1052,1011,962,1056,1.13,1.12,1.15
2020-08-09,1041,994,1089,1024,975,1071,1.14,1.12,1.16
2020-08-10,1399,1340,1468,1123,1072,1175,1.14,1.12,1.16
2020-08-11,1308,1261,1359,1188,1137,1242,1.16,1.14,1.18
2020-08-12,1319,1275,1369,1267,1217,1321,1.18,1.17,1.2
2020-08-13,1357,1291,1419,1346,1292,1404,1.17,1.15,1.19
2020-08-14,1320,1264,1373,1326,1273,1380,1.15,1.13,1.16
2020-08-15,1200,1161,1267,1299,1248,1357,1.12,1.1,1.13
2020-08-16,1168,1127,1228,1261,1210,1322,1.07,1.06,1.09
2020-08-17,1418,1367,1468,1276,1229,1334,1.06,1.04,1.08
2020-08-18,1458,1399,1519,1311,1263,1370,1.03,1.01,1.05
2020-08-19,1293,1241,1345,1334,1283,1390,.99,.98,1.01
2020-08-20,1142,1093,1192,1328,1275,1381,.97,.96,.99
2020-08-21,1155,1115,1203,1262,1212,1315,.95,.93,.96
2020-08-22,1109,1067,1152,1175,1129,1223,.95,.93,.96
2020-08-23,1161,1121,1211,1142,1099,1189,.97,.96,.99
2020-08-24,1426,1379,1472,1213,1170,1259,.98,.96,.99
2020-08-25,1329,1281,1377,1256,1212,1303,.97,.96,.99
2020-08-26,1198,1155,1248,1279,1234,1327,.98,.97,1
2020-08-27,1218,1168,1277,1293,1246,1343,.98,.97,1
2020-08-28,1136,1093,1179,1220,1174,1270,.98,.97,.99
2020-08-29,957,916,1001,1127,1083,1176,.97,.96,.99
2020-08-30,1024,980,1071,1084,1039,1132,.96,.94,.97
2020-08-31,1365,1309,1427,1120,1074,1169,.98,.96,.99
2020-09-01,1484,1441,1530,1207,1161,1257,1.01,.99,1.03
2020-09-02,1332,1295,1390,1301,1256,1354,1.03,1.02,1.05
2020-09-03,1254,1195,1302,1359,1310,1412,1.06,1.04,1.07
2020-09-04,1276,1236,1328,1336,1291,1387,1.06,1.05,1.08
2020-09-05,1155,1118,1193,1254,1211,1303,1.08,1.06,1.09
2020-09-06,1301,1257,1354,1246,1201,1294,1.1,1.08,1.11
2020-09-07,1592,1541,1644,1331,1288,1380,1.09,1.08,1.11
2020-09-08,1586,1534,1635,1408,1362,1456,1.1,1.08,1.11
2020-09-09,1598,1555,1659,1519,1472,1573,1.11,1.09,1.12
2020-09-10,1630,1577,1683,1601,1552,1655,1.12,1.1,1.14
2020-09-11,1640,1599,1693,1613,1566,1667,1.15,1.13,1.16
2020-09-12,1534,1493,1582,1601,1556,1654,1.14,1.13,1.16
2020-09-13,1576,1532,1633,1595,1550,1647,1.15,1.14,1.17
2020-09-14,2122,2072,2177,1718,1674,1771,1.15,1.13,1.16
2020-09-15,1970,1913,2017,1801,1752,1852,1.14,1.12,1.15
2020-09-16,1887,1842,1945,1889,1839,1943,1.12,1.1,1.13
2020-09-17,1721,1680,1769,1925,1877,1977,1.07,1.06,1.08
2020-09-18,1702,1655,1745,1820,1772,1869,1.03,1.02,1.05
2020-09-19,1502,1465,1545,1703,1660,1751,1.01,1.01,1.02
2020-09-20,1627,1577,1667,1638,1594,1681,1.01,1,1.02
2020-09-21,2193,2140,2235,1756,1709,1798,1.02,1.01,1.03
2020-09-22,2153,2105,2208,1869,1822,1913,1.04,1.03,1.05
2020-09-23,2080,2016,2144,2013,1959,2063,1.06,1.05,1.07
2020-09-24,2071,2009,2126,2124,2067,2178,1.09,1.08,1.11
2020-09-25,2160,2108,2226,2116,2059,2176,1.11,1.1,1.12
2020-09-26,1927,1878,1986,2059,2003,2120,1.12,1.11,1.12
2020-09-27,1902,1848,1955,2015,1961,2073,1.12,1.11,1.13
2020-09-28,2665,2592,2751,2164,2106,2229,1.13,1.12,1.14
2020-09-29,2765,2702,2820,2315,2255,2378,1.15,1.13,1.16
2020-09-30,2782,2704,2830,2529,2461,2589,1.19,1.17,1.2
2020-10-01,3007,2928,3088,2805,2731,2872,1.23,1.22,1.24
2020-10-02,3373,3298,3438,2982,2908,3044,1.28,1.26,1.29
2020-10-03,3361,3294,3440,3131,3056,3199,1.31,1.3,1.33
2020-10-04,3418,3349,3472,3290,3217,3359,1.36,1.35,1.37
2020-10-05,4760,4678,4846,3728,3655,3799,1.38,1.37,1.39
2020-10-06,4793,4731,4861,4083,4013,4155,1.39,1.38,1.4
2020-10-07,4918,4822,5013,4472,4395,4548,1.39,1.37,1.4
2020-10-08,4981,4887,5078,4863,4779,4949,1.35,1.33,1.36
2020-10-09,5379,5299,5463,5018,4935,5103,1.32,1.3,1.32
2020-10-10,5310,5207,5400,5147,5054,5238,1.29,1.28,1.3
2020-10-11,5496,5381,5573,5292,5193,5378,1.3,1.29,1.3
2020-10-12,7501,7415,7602,5922,5825,6009,1.31,1.3,1.32
2020-10-13,7861,7751,7970,6542,6438,6636,1.34,1.33,1.35
2020-10-14,8428,8305,8528,7321,7213,7418,1.37,1.35,1.37
2020-10-15,8689,8574,8839,8120,8011,8235,1.38,1.37,1.38
2020-10-16,9553,9396,9677,8633,8506,8753,1.37,1.36,1.38
2020-10-17,9360,9239,9477,9008,8878,9130,1.38,1.37,1.38
2020-10-18,10463,10333,10611,9516,9385,9651,1.4,1.39,1.41
2020-10-19,13822,13664,13956,10800,10658,10930,1.42,1.41,1.43
2020-10-20,14821,14622,14949,12116,11964,12248,1.44,1.44,1.45
2020-10-21,15400,15227,15579,13626,13461,13774,1.43,1.42,1.44
2020-10-22,15030,14854,15203,14768,14592,14922,1.39,1.38,1.4
2020-10-23,15846,15649,16026,15274,15088,15439,1.34,1.33,1.34
2020-10-24,15085,14900,15243,15340,15157,15513,1.29,1.28,1.29
2020-10-25,15648,15468,15808,15402,15218,15570,1.26,1.25,1.26
2020-10-26,19199,19047,19385,16444,16266,16615,1.21,1.21,1.21
2020-10-27,18431,18240,18619,17090,16914,17264,1.17,1.16,1.17
2020-10-28,18089,17921,18274,17841,17669,18021,1.13,1.12,1.13
2020-10-29,16807,16576,17017,18131,17946,18324,1.09,1.08,1.09
2020-10-30,17242,17074,17387,17642,17453,17824,1.06,1.05,1.06
2020-10-31,15629,15403,15810,16942,16743,17122,1.04,1.04,1.04
2020-11-01,16649,16494,16808,16582,16386,16755,1.04,1.04,1.04
2020-11-02,20976,20790,21166,17624,17440,17793,1.03,1.03,1.04
2020-11-03,19013,18843,19240,18067,17882,18256,1.03,1.02,1.03
2020-11-04,18022,17882,18173,18665,18502,18847,1.02,1.01,1.02
2020-11-05,16547,16366,16735,18639,18470,18828,.99,.99,1
2020-11-06,16119,15969,16309,17425,17265,17614,.98,.98,.99
2020-11-07,15047,14918,15212,16434,16284,16607,.97,.97,.98
2020-11-08,15140,14940,15317,15713,15548,15893,.96,.95,.96
2020-11-09,19043,18872,19269,16337,16174,16527,.96,.96,.97
2020-11-10,18429,18238,18605,16914,16742,17101,.97,.96,.97
2020-11-11,17912,17713,18092,17631,17441,17820,.99,.98,.99
2020-11-12,17648,17481,17815,18258,18076,18445,1.02,1.02,1.03
2020-11-13,18341,18182,18572,18082,17904,18271,1.04,1.03,1.04
2020-11-14,16309,16144,16485,17553,17380,17741,1.05,1.05,1.05
2020-11-15,16498,16334,16674,17199,17035,17386,1.05,1.05,1.06
2020-11-16,20452,20250,20649,17900,17727,18095,1.04,1.04,1.05
2020-11-17,19425,19241,19568,18171,17992,18344,1.04,1.03,1.04
2020-11-18,18582,18382,18757,18739,18551,18912,1.02,1.02,1.03
2020-11-19,17268,17085,17518,18932,18739,19123,1,.99,1
2020-11-20,16783,16561,16973,18015,17817,18204,.98,.97,.98
2020-11-21,14439,14274,14580,16768,16575,16957,.95,.95,.96
2020-11-22,14503,14329,14711,15748,15562,15945,.94,.94,.94
2020-11-23,18473,18314,18650,16050,15869,16228,.94,.93,.94
2020-11-24,17430,17257,17584,16211,16043,16381,.94,.93,.94
2020-11-25,16897,16652,17078,16826,16638,17006,.94,.94,.95
2020-11-26,16015,15839,16185,17204,17015,17374,.96,.95,.96
2020-11-27,16413,16214,16590,16689,16490,16859,.98,.98,.98
2020-11-28,15492,15303,15672,16204,16002,16381,1,1,1.01
2020-11-29,15343,15134,15511,15816,15622,15989,1.03,1.03,1.04
2020-11-30,20716,20477,20892,16991,16782,17166,1.07,1.06,1.07
2020-12-01,20735,20535,20941,18072,17862,18254,1.09,1.08,1.09
2020-12-02,20599,20386,20838,19348,19133,19545,1.12,1.12,1.13
2020-12-03,20870,20664,21067,20730,20515,20934,1.14,1.14,1.15
2020-12-04,21532,21341,21734,20934,20731,21145,1.15,1.15,1.16
2020-12-05,20440,20281,20688,20860,20668,21082,1.16,1.16,1.17
2020-12-06,20786,20619,20971,20907,20726,21115,1.16,1.16,1.16
2020-12-07,26074,25847,26307,22208,22022,22425,1.15,1.15,1.16
2020-12-08,25865,25607,26059,23291,23089,23506,1.15,1.14,1.15
2020-12-09,25175,24968,25371,24475,24260,24677,1.13,1.13,1.13
2020-12-10,24652,24423,24864,25442,25211,25650,1.11,1.1,1.11
2020-12-11,24459,24255,24651,25038,24813,25236,1.09,1.09,1.09
2020-12-12,22999,22809,23211,24321,24114,24524,1.07,1.06,1.07
2020-12-13,22260,22028,22470,23592,23379,23799,1.05,1.05,1.06
2020-12-14,28021,27762,28233,24435,24213,24641,1.04,1.04,1.04
2020-12-15,26538,26303,26766,24954,24725,25170,1.03,1.02,1.03
2020-12-16,25416,25154,25594,25559,25312,25766,1.01,1.01,1.01
2020-12-17,23725,23508,23913,25925,25682,26126,.99,.99,1
2020-12-18,23109,22908,23324,24697,24468,24899,.97,.97,.98
2020-12-19,20618,20426,20823,23217,22999,23413,.96,.96,.96
2020-12-20,19976,19722,20157,21857,21641,22054,.94,.93,.94
2020-12-21,23042,22792,23233,21686,21462,21884,.91,.91,.91
2020-12-22,20571,20354,20737,21052,20823,21237,.88,.88,.88
2020-12-23,18515,18326,18711,20526,20298,20709,.85,.85,.85
2020-12-24,16483,16275,16640,19653,19436,19830,.83,.82,.83
2020-12-25,14919,14736,15085,17622,17422,17793,.83,.83,.83
2020-12-26,16296,16133,16463,16553,16367,16724,.86,.85,.86
2020-12-27,18086,17917,18287,16446,16265,16618,.89,.89,.9
2020-12-28,22339,22138,22542,17910,17731,18094,.93,.93,.94
2020-12-29,18575,18364,18817,18824,18638,19027,.95,.94,.95
2020-12-30,16287,16110,16458,18822,18632,19026,.95,.94,.95
2020-12-31,14556,14422,14709,17939,17758,18131,.95,.95,.96
2021-01-01,15011,14842,15212,16107,15934,16299,.97,.96,.97
2021-01-02,16109,15957,16254,15491,15333,15658,.98,.98,.98
2021-01-03,17567,17405,17750,15811,15656,15981,.99,.98,.99
2021-01-04,21354,21166,21548,17510,17342,17691,.99,.99,.99
2021-01-05,19167,18990,19332,18549,18379,18721,1,.99,1
2021-01-06,17005,16824,17185,18773,18596,18954,1.01,1.01,1.02
2021-01-07,15624,15442,15773,18288,18105,18459,1.02,1.02,1.03
2021-01-08,15384,15218,15597,16795,16618,16972,1,.99,1
2021-01-09,13355,13159,13547,15342,15160,15526,.96,.96,.96
2021-01-10,13923,13782,14074,14571,14400,14748,.91,.91,.91
2021-01-11,16614,16415,16823,14819,14643,15010,.88,.87,.88
2021-01-12,15207,15029,15390,14775,14596,14958,.88,.87,.88
2021-01-13,14500,14347,14663,15061,14893,15237,.88,.88,.89
2021-01-14,13420,13252,13537,14935,14761,15103,.9,.9,.91
2021-01-15,13385,13225,13496,14128,13963,14271,.92,.92,.93
2021-01-16,11974,11824,12136,13320,13162,13458,.93,.92,.93
2021-01-17,12019,11916,12156,12699,12554,12831,.94,.93,.94
2021-01-18,15272,15109,15412,13162,13018,13300,.94,.94,.94
2021-01-19,13828,13680,13968,13273,13132,13418,.94,.94,.94
2021-01-20,13194,13055,13348,13578,13440,13721,.94,.94,.94
2021-01-21,11603,11447,11742,13474,13323,13617,.93,.93,.94
2021-01-22,11473,11300,11599,12524,12370,12664,.93,.92,.93
2021-01-23,10256,10094,10383,11631,11474,11768,.92,.92,.92
2021-01-24,9929,9795,10051,10815,10659,10944,.91,.9,.91
2021-01-25,12460,12334,12594,11029,10881,11157,.9,.89,.9
2021-01-26,11279,11144,11403,10981,10842,11108,.88,.88,.89
2021-01-27,10263,10131,10394,10983,10851,11110,.88,.88,.89
2021-01-28,9751,9617,9901,10939,10806,11073,.89,.88,.89
2021-01-29,9357,9203,9517,10163,10023,10304,.89,.89,.89
2021-01-30,8288,8148,8401,9415,9274,9553,.9,.9,.9
2021-01-31,8032,7895,8157,8857,8715,8994,.89,.89,.9
2021-02-01,10338,10243,10464,9004,8872,9135,.89,.89,.9
2021-02-02,9439,9343,9543,9025,8907,9141,.9,.89,.9
2021-02-03,8673,8581,8790,9121,9015,9238,.89,.89,.89
2021-02-04,7754,7656,7851,9051,8956,9162,.89,.89,.9
2021-02-05,7531,7393,7641,8349,8243,8456,.89,.89,.9
2021-02-06,6736,6625,6825,7673,7564,7777,.89,.89,.9
2021-02-07,6435,6367,6528,7114,7010,7211,.88,.88,.89
2021-02-08,8141,8008,8248,7211,7098,7310,.88,.88,.89
2021-02-09,7684,7588,7773,7249,7147,7343,.88,.88,.89
2021-02-10,7433,7335,7517,7423,7324,7516,.89,.89,.89
2021-02-11,6690,6598,6815,7487,7382,7588,.91,.91,.92
2021-02-12,6907,6802,7020,7179,7080,7281,.94,.93,.94
2021-02-13,6417,6321,6539,6862,6764,6973,.96,.96,.97
2021-02-14,6622,6527,6755,6659,6562,6782,.99,.99,1
2021-02-15,8554,8441,8663,7125,7023,7244,1.01,1.01,1.02
2021-02-16,8140,8017,8276,7433,7326,7558,1.03,1.03,1.04
2021-02-17,8074,7957,8174,7847,7735,7967,1.05,1.05,1.06
2021-02-18,7718,7594,7830,8121,8002,8236,1.06,1.05,1.06
2021-02-19,7649,7540,7757,7895,7777,8009,1.07,1.06,1.07
2021-02-20,7384,7282,7484,7706,7593,7811,1.06,1.06,1.07
2021-02-21,7125,7025,7245,7469,7360,7579,1.05,1.05,1.06
2021-02-22,8952,8833,9064,7778,7670,7887,1.04,1.04,1.05
2021-02-23,8504,8371,8604,7991,7877,8099,1.02,1.02,1.03
2021-02-24,8087,7990,8191,8167,8054,8276,1.01,1.01,1.02
2021-02-25,7665,7560,7774,8302,8188,8408,1.01,1.01,1.02
2021-02-26,7942,7834,8060,8049,7938,8157,1,1,1.01
2021-02-27,7177,7077,7275,7718,7615,7825,1,1,1.01
2021-02-28,7342,7228,7429,7531,7425,7634,1.02,1.01,1.02
2021-03-01,9521,9398,9633,7995,7884,8099,1.02,1.01,1.02
2021-03-02,8916,8805,9038,8239,8127,8343,1.04,1.03,1.04
2021-03-03,8995,8866,9097,8693,8574,8799,1.05,1.05,1.06
2021-03-04,8646,8528,8758,9019,8899,9131,1.06,1.06,1.07
2021-03-05,9018,8894,9150,8894,8773,9010,1.08,1.08,1.09
2021-03-06,8912,8811,9035,8893,8775,9010,1.1,1.09,1.1
2021-03-07,9020,8893,9148,8899,8781,9022,1.12,1.11,1.12
2021-03-08,11787,11667,11890,9684,9566,9805,1.14,1.13,1.14
2021-03-09,11506,11382,11647,10306,10188,10430,1.15,1.15,1.16
2021-03-10,11739,11581,11848,11013,10881,11133,1.17,1.16,1.17
2021-03-11,11503,11358,11665,11634,11497,11762,1.17,1.17,1.18
2021-03-12,12046,11905,12194,11699,11556,11838,1.17,1.16,1.18
2021-03-13,11834,11679,11977,11780,11631,11921,1.17,1.16,1.17
2021-03-14,12067,11932,12192,11862,11718,12007,1.17,1.17,1.18
2021-03-15,15431,15275,15571,12844,12697,12983,1.17,1.17,1.17
2021-03-16,14889,14752,15038,13555,13409,13694,1.17,1.16,1.17
2021-03-17,15019,14824,15183,14351,14196,14496,1.16,1.15,1.16
2021-03-18,14224,14045,14379,14891,14724,15043,1.14,1.14,1.15
2021-03-19,14825,14662,14956,14739,14571,14889,1.13,1.13,1.14
2021-03-20,14974,14807,15121,14761,14584,14910,1.13,1.12,1.13
2021-03-21,15271,15126,15413,14824,14660,14967,1.13,1.13,1.14
2021-03-22,18822,18661,18999,15973,15814,16122,1.14,1.13,1.14
2021-03-23,18517,18326,18666,16896,16730,17050,1.13,1.13,1.13
2021-03-24,17870,17681,18038,17620,17448,17779,1.12,1.11,1.12
2021-03-25,16674,16510,16831,17971,17794,18133,1.1,1.09,1.1
2021-03-26,16351,16174,16504,17353,17173,17510,1.06,1.06,1.07
2021-03-27,15140,14986,15324,16509,16338,16674,1.03,1.03,1.03
2021-03-28,14645,14484,14848,15703,15538,15877,1,1,1.01
2021-03-29,18208,18065,18380,16086,15927,16264,.98,.97,.98
2021-03-30,16988,16843,17182,16245,16094,16433,.96,.96,.96
2021-03-31,15832,15692,15978,16418,16271,16597,.96,.96,.97
2021-04-01,16552,16391,16713,16895,16747,17063,.96,.95,.96
2021-04-02,15056,14913,15203,16107,15960,16269,.96,.96,.97
2021-04-03,14362,14231,14494,15451,15307,15597,.98,.98,.98
2021-04-04,14503,14328,14639,15118,14966,15262,.97,.96,.97
2021-04-05,16571,16401,16733,15123,14968,15267,1,.99,1
2021-04-06,19126,18933,19292,16140,15973,16289,1.03,1.03,1.04
2021-04-07,19326,19142,19469,17381,17201,17533,1.06,1.05,1.06
2021-04-08,18967,18783,19122,18497,18314,18654,1.11,1.1,1.11
2021-04-09,18726,18547,18912,19036,18851,19198,1.12,1.12,1.13
2021-04-10,18624,18464,18781,18911,18734,19071,1.12,1.11,1.12
2021-04-11,17773,17591,17939,18523,18346,18688,1.14,1.14,1.15
2021-04-12,22231,22014,22444,19339,19154,19519,1.12,1.12,1.13
2021-04-13,20609,20436,20802,19809,19626,19991,1.09,1.08,1.09
2021-04-14,19865,19667,20062,20120,19927,20312,1.06,1.05,1.06
2021-04-15,18795,18616,18946,20375,20183,20563,1.02,1.02,1.02
2021-04-16,19702,19506,19870,19743,19556,19920,1.01,1.01,1.02
2021-04-17,18980,18810,19127,19336,19150,19501,1.02,1.02,1.02
2021-04-18,19470,19300,19663,19237,19058,19401,1.03,1.03,1.04
2021-04-19,23623,23446,23810,20444,20265,20617,1.03,1.03,1.04
2021-04-20,21906,21703,22090,20995,20815,21172,1.04,1.03,1.04
2021-04-21,20453,20272,20606,21363,21180,21542,1.02,1.02,1.03
2021-04-22,18708,18533,18852,21172,20988,21339,1,1,1.01
2021-04-23,18205,18049,18335,19818,19639,19971,.98,.98,.98
2021-04-24,16854,16634,17034,18555,18372,18707,.95,.95,.95
2021-04-25,16316,16142,16546,17521,17339,17692,.93,.92,.93
2021-04-26,19712,19538,19907,17772,17590,17955,.91,.9,.91
2021-04-27,17675,17542,17817,17639,17464,17826,.89,.89,.89
2021-04-28,16591,16463,16743,17573,17421,17753,.88,.88,.88
2021-04-29,14588,14406,14735,17141,16987,17300,.88,.88,.88
2021-04-30,14706,14555,14877,15890,15741,16043,.88,.88,.89
2021-05-01,13561,13434,13732,14861,14714,15021,.88,.88,.89
2021-05-02,12924,12792,13102,13945,13797,14111,.88,.88,.88
2021-05-03,15640,15461,15780,14208,14060,14373,.88,.87,.88
2021-05-04,14153,14006,14338,14069,13923,14238,.87,.87,.88
2021-05-05,13166,13026,13266,13971,13821,14121,.87,.87,.88
2021-05-06,11752,11596,11878,13678,13522,13815,.87,.87,.87
2021-05-07,10923,10782,11051,12498,12352,12633,.87,.86,.87
2021-05-08,9895,9775,10005,11434,11294,11550,.86,.86,.87
2021-05-09,9701,9565,9820,10568,10429,10688,.85,.84,.85
2021-05-10,11639,11483,11788,10540,10401,10666,.83,.83,.84
2021-05-11,9831,9715,9951,10267,10134,10391,.82,.82,.82
2021-05-12,8722,8598,8843,9973,9840,10100,.8,.8,.8
2021-05-13,7328,7229,7432,9380,9256,9503,.79,.79,.8
2021-05-14,7453,7375,7546,8333,8229,8443,.8,.8,.81
2021-05-15,7182,7088,7271,7671,7572,7773,.81,.81,.82
2021-05-16,6868,6762,6956,7208,7113,7301,.81,.81,.82
2021-05-17,7957,7810,8057,7365,7258,7457,.81,.81,.82
2021-05-18,6933,6805,7045,7235,7116,7332,.8,.8,.81
2021-05-19,5990,5903,6109,6937,6820,7042,.81,.8,.81
2021-05-20,5318,5250,5382,6550,6442,6648,.81,.81,.82
2021-05-21,4755,4650,4822,5749,5652,5839,.8,.8,.81
2021-05-22,4266,4214,4339,5082,5004,5163,.78,.78,.79
2021-05-23,3799,3731,3874,4534,4461,4604,.74,.73,.74
2021-05-24,4143,4074,4207,4241,4167,4310,.73,.72,.73
2021-05-25,4447,4356,4545,4164,4094,4241,.73,.73,.74
2021-05-26,4053,3985,4128,4110,4036,4188,.75,.74,.75
2021-05-27,3685,3614,3773,4082,4007,4163,.79,.79,.8
2021-05-28,3446,3390,3506,3908,3836,3988,.81,.81,.82
2021-05-29,2964,2903,3026,3537,3473,3608,.83,.82,.83
2021-05-30,2672,2609,2743,3192,3129,3262,.84,.83,.84
2021-05-31,3181,3115,3252,3066,3004,3131,.82,.82,.83
2021-06-01,2841,2787,2925,2914,2853,2986,.81,.8,.82
2021-06-02,2716,2663,2769,2853,2793,2922,.79,.78,.8
2021-06-03,2247,2185,2300,2746,2687,2811,.77,.76,.77
2021-06-04,2133,2085,2175,2484,2430,2542,.78,.77,.79
2021-06-05,2008,1958,2067,2276,2223,2328,.79,.79,.8
2021-06-06,1961,1914,2006,2087,2035,2137,.8,.8,.81
2021-06-07,2198,2127,2254,2075,2021,2125,.8,.8,.81
2021-06-08,1819,1755,1870,1997,1938,2049,.78,.77,.79
2021-06-09,1538,1493,1577,1879,1822,1927,.76,.76,.77
2021-06-10,1406,1358,1446,1740,1683,1787,.75,.75,.76
2021-06-11,1198,1148,1255,1490,1438,1537,.74,.73,.75
2021-06-12,1051,999,1083,1298,1249,1340,.73,.72,.74
2021-06-13,972,940,1013,1157,1111,1199,.7,.69,.71
2021-06-14,1146,1111,1180,1092,1049,1133,.68,.68,.69
2021-06-15,980,951,1018,1037,1000,1073,.69,.68,.7
2021-06-16,943,900,982,1010,976,1048,.7,.69,.71
2021-06-17,790,750,823,965,928,1001,.73,.72,.74
2021-06-18,746,713,784,865,828,902,.74,.73,.75
2021-06-19,589,563,613,767,731,800,.75,.74,.76
2021-06-20,615,584,648,685,652,717,.77,.76,.78
2021-06-21,777,745,811,681,651,714,.79,.78,.8
2021-06-22,744,716,784,681,652,714,.8,.79,.81
2021-06-23,658,626,696,699,668,734,.81,.8,.82
2021-06-24,591,557,625,693,661,729,.84,.83,.85
2021-06-25,581,556,608,644,613,678,.88,.86,.89
2021-06-26,592,564,615,606,575,636,.91,.9,.93
2021-06-27,550,520,585,578,549,608,.94,.93,.96
2021-06-28,734,700,767,614,585,644,.95,.94,.97
2021-06-29,639,613,664,629,599,658,.97,.95,.98
2021-06-30,725,691,751,662,631,692,1,.98,1.01
2021-07-01,655,631,679,688,658,715,1.02,1,1.04
2021-07-02,655,627,680,669,640,693,1.07,1.05,1.08
2021-07-03,676,650,705,678,650,703,1.09,1.08,1.11
2021-07-04,740,708,772,681,654,709,1.15,1.13,1.16
2021-07-05,1038,1008,1071,777,748,807,1.2,1.19,1.22
2021-07-06,990,951,1019,861,829,892,1.24,1.22,1.25
2021-07-07,984,950,1020,938,904,970,1.27,1.25,1.28
2021-07-08,1028,1007,1065,1010,979,1044,1.27,1.25,1.28
2021-07-09,1035,1001,1066,1009,977,1042,1.27,1.25,1.28
2021-07-10,1122,1093,1164,1042,1013,1079,1.29,1.28,1.31
2021-07-11,1209,1177,1246,1099,1069,1135,1.3,1.29,1.32
2021-07-12,1599,1559,1637,1241,1207,1278,1.32,1.31,1.34
2021-07-13,1605,1572,1641,1384,1350,1422,1.33,1.32,1.34
2021-07-14,1626,1590,1660,1510,1474,1546,1.31,1.29,1.32
2021-07-15,1481,1443,1514,1578,1541,1613,1.27,1.26,1.29
2021-07-16,1516,1473,1551,1557,1519,1591,1.23,1.22,1.24
2021-07-17,1554,1508,1592,1544,1503,1579,1.2,1.19,1.21
2021-07-18,1683,1642,1728,1558,1516,1596,1.2,1.19,1.21
2021-07-19,2138,2102,2171,1723,1681,1760,1.2,1.19,1.21
2021-07-20,2181,2133,2218,1889,1846,1927,1.19,1.18,1.2
2021-07-21,2071,2030,2106,2018,1976,2055,1.17,1.16,1.18
2021-07-22,1851,1812,1897,2060,2019,2098,1.16,1.15,1.17
2021-07-23,1997,1966,2035,2025,1985,2064,1.14,1.13,1.15
2021-07-24,1983,1937,2029,1976,1936,2016,1.13,1.12,1.14
2021-07-25,2074,2026,2120,1976,1935,2020,1.14,1.13,1.15
2021-07-26,2656,2614,2705,2177,2136,2222,1.13,1.12,1.14
2021-07-27,2626,2577,2678,2335,2288,2383,1.13,1.12,1.14
2021-07-28,2546,2501,2596,2475,2429,2525,1.13,1.12,1.13
2021-07-29,2234,2180,2288,2516,2468,2566,1.12,1.11,1.12
2021-07-30,2416,2373,2457,2456,2408,2505,1.12,1.11,1.13
2021-07-31,2557,2513,2604,2438,2392,2486,1.13,1.13,1.14
2021-08-01,2819,2757,2857,2506,2456,2551,1.16,1.15,1.17
2021-08-02,3527,3456,3600,2830,2775,2879,1.18,1.17,1.19
2021-08-03,3401,3344,3462,3076,3017,3130,1.2,1.19,1.21
2021-08-04,3551,3485,3603,3324,3260,3380,1.22,1.21,1.23
2021-08-05,3512,3460,3585,3498,3436,3562,1.24,1.23,1.25
2021-08-06,3881,3826,3948,3586,3528,3649,1.26,1.25,1.26
2021-08-07,3797,3737,3859,3685,3627,3749,1.25,1.25,1.26
2021-08-08,4060,4017,4133,3813,3760,3881,1.26,1.26,1.27
2021-08-09,5331,5270,5390,4267,4212,4332,1.27,1.26,1.28
2021-08-10,5490,5414,5587,4670,4609,4742,1.3,1.29,1.31
2021-08-11,5723,5630,5802,5151,5083,5228,1.31,1.3,1.32
2021-08-12,5506,5437,5584,5512,5438,5591,1.31,1.3,1.32
2021-08-13,6087,6016,6169,5702,5624,5785,1.3,1.29,1.3
2021-08-14,6264,6181,6355,5895,5816,5978,1.29,1.28,1.29
2021-08-15,6478,6387,6563,6084,6005,6168,1.3,1.29,1.31
2021-08-16,8347,8259,8455,6794,6711,6886,1.29,1.28,1.29
2021-08-17,7908,7823,7994,7249,7162,7342,1.28,1.27,1.29
2021-08-18,8640,8535,8728,7843,7751,7935,1.26,1.26,1.27
2021-08-19,7882,7780,7986,8194,8099,8291,1.23,1.23,1.24
2021-08-20,8636,8536,8735,8266,8169,8361,1.21,1.21,1.22
2021-08-21,8370,8285,8475,8382,8284,8481,1.19,1.19,1.2
2021-08-22,8856,8738,8967,8436,8335,8541,1.18,1.18,1.19
2021-08-23,10814,10663,10928,9169,9055,9276,1.16,1.16,1.17
2021-08-24,9862,9753,9992,9476,9359,9591,1.14,1.14,1.15
2021-08-25,9885,9755,10014,9854,9727,9975,1.12,1.12,1.12
2021-08-26,9238,9108,9349,9950,9819,10071,1.09,1.08,1.09
2021-08-27,9330,9216,9445,9579,9458,9700,1.07,1.06,1.07
2021-08-28,9197,9080,9332,9412,9289,9535,1.05,1.05,1.05
2021-08-29,9232,9101,9388,9249,9126,9378,1.05,1.04,1.05
2021-08-30,11998,11861,12129,9939,9814,10073,1.05,1.05,1.06
2021-08-31,10931,10829,11034,10339,10217,10471,1.06,1.06,1.06
2021-09-01,11333,11236,11456,10874,10756,11002,1.06,1.06,1.07
2021-09-02,9894,9768,10025,11039,10923,11161,1.06,1.06,1.07
2021-09-03,10292,10167,10411,10612,10500,10731,1.05,1.04,1.05
2021-09-04,9516,9413,9625,10259,10146,10379,1.03,1.02,1.03
2021-09-05,9224,9139,9311,9732,9622,9843,1.01,1.01,1.01
2021-09-06,11415,11283,11557,10112,10000,10226,.99,.99,.99
2021-09-07,10512,10371,10654,10167,10051,10287,.97,.96,.97
2021-09-08,10038,9952,10158,10297,10186,10420,.95,.95,.96
2021-09-09,8801,8715,8908,10192,10080,10319,.94,.94,.94
2021-09-10,8796,8693,8909,9537,9433,9657,.92,.92,.93
2021-09-11,7759,7631,7866,8849,8748,8960,.92,.91,.92
2021-09-12,7645,7544,7754,8250,8145,8359,.9,.9,.9
2021-09-13,9286,9180,9393,8372,8262,8480,.89,.89,.9
2021-09-14,8784,8667,8877,8369,8255,8472,.89,.89,.9
2021-09-15,8209,8111,8317,8481,8375,8585,.89,.89,.89
2021-09-16,7377,7271,7453,8414,8307,8510,.9,.89,.9
2021-09-17,7222,7136,7324,7898,7796,7992,.9,.9,.91
2021-09-18,6580,6492,6660,7347,7252,7438,.92,.91,.92
2021-09-19,6906,6806,7037,7021,6926,7118,.93,.92,.93
2021-09-20,8630,8525,8723,7335,7239,7436,.94,.93,.94
2021-09-21,7797,7695,7875,7478,7379,7574,.95,.95,.96
2021-09-22,7927,7836,8017,7815,7715,7913,.96,.96,.97
2021-09-23,7377,7258,7496,7933,7828,8028,.98,.98,.99
2021-09-24,7645,7554,7741,7687,7585,7782,1.02,1.01,1.02
2021-09-25,7266,7173,7371,7554,7455,7656,1.03,1.03,1.04
2021-09-26,7487,7398,7582,7444,7345,7547,1.05,1.04,1.05
2021-09-27,9434,9327,9525,7958,7863,8054,1.05,1.05,1.06
2021-09-28,8523,8424,8621,8178,8080,8274,1.04,1.04,1.04
2021-09-29,7992,7880,8091,8359,8257,8454,1.02,1.02,1.03
2021-09-30,7128,7039,7227,8269,8167,8366,1.01,1.01,1.02
2021-10-01,7820,7723,7921,7866,7766,7965,1.01,1,1.01
2021-10-02,7597,7513,7675,7634,7539,7728,1.01,1.01,1.02
2021-10-03,7855,7768,7956,7600,7511,7695,1.02,1.02,1.03
2021-10-04,9739,9636,9839,8253,8160,8348,1.02,1.02,1.03
2021-10-05,8805,8697,8920,8499,8403,8597,1.03,1.03,1.03
2021-10-06,8745,8643,8829,8786,8686,8886,1.04,1.03,1.04
2021-10-07,7901,7810,8004,8798,8696,8898,1.05,1.04,1.05
2021-10-08,8614,8501,8705,8516,8413,8614,1.05,1.05,1.06
2021-10-09,8331,8216,8425,8398,8292,8491,1.06,1.06,1.06
2021-10-10,9017,8915,9123,8465,8360,8564,1.07,1.06,1.07
2021-10-11,11003,10884,11139,9241,9129,9348,1.09,1.09,1.09
2021-10-12,10875,10786,10989,9806,9700,9919,1.12,1.11,1.12
2021-10-13,11188,11064,11325,10521,10412,10644,1.14,1.14,1.14
2021-10-14,10652,10526,10791,10929,10815,11061,1.18,1.17,1.18
2021-10-15,12448,12367,12575,11291,11185,11420,1.2,1.2,1.21
2021-10-16,12496,12377,12604,11696,11583,11824,1.22,1.21,1.22
2021-10-17,12753,12618,12840,12087,11972,12202,1.24,1.24,1.25
2021-10-18,16329,16181,16476,13506,13385,13624,1.25,1.25,1.26
2021-10-19,16062,15944,16220,14410,14280,14535,1.26,1.25,1.26
2021-10-20,16917,16746,17068,15515,15372,15651,1.26,1.25,1.26
2021-10-21,15407,15265,15545,16179,16034,16327,1.23,1.23,1.24
2021-10-22,16999,16845,17145,16346,16200,16494,1.21,1.21,1.22
2021-10-23,16958,16810,17109,16570,16416,16717,1.19,1.19,1.2
2021-10-24,17759,17586,17938,16781,16626,16934,1.19,1.19,1.2
2021-10-25,22263,22102,22429,18495,18336,18655,1.2,1.19,1.2
2021-10-26,21540,21377,21728,19630,19469,19801,1.19,1.19,1.19
2021-10-27,21596,21438,21767,20789,20626,20965,1.18,1.18,1.19
2021-10-28,20318,20158,20516,21429,21269,21610,1.17,1.16,1.17
2021-10-29,22423,22252,22623,21469,21306,21658,1.16,1.16,1.17
2021-10-30,22712,22521,22892,21762,21592,21949,1.17,1.16,1.17
2021-10-31,23705,23501,23940,22289,22108,22492,1.18,1.18,1.19
2021-11-01,30182,29979,30374,24755,24563,24957,1.21,1.2,1.21
2021-11-02,31573,31324,31737,27043,26831,27236,1.23,1.23,1.24
2021-11-03,32213,32020,32454,29418,29206,29626,1.25,1.25,1.26
2021-11-04,31072,30840,31278,31260,31041,31461,1.26,1.26,1.26
2021-11-05,33086,32837,33277,31986,31755,32186,1.25,1.25,1.26
2021-11-06,34564,34373,34784,32734,32517,32948,1.25,1.25,1.25
2021-11-07,36044,35780,36332,33691,33457,33918,1.25,1.25,1.26
2021-11-08,44321,44061,44589,37004,36763,37245,1.24,1.24,1.24
2021-11-09,42169,41866,42469,39274,39020,39543,1.22,1.22,1.22
2021-11-10,42844,42533,43140,41344,41060,41632,1.2,1.2,1.21
2021-11-11,42232,41942,42512,42891,42600,43177,1.18,1.18,1.18
2021-11-12,44141,43910,44371,42846,42562,43123,1.17,1.16,1.17
2021-11-13,43995,43730,44297,43303,43028,43580,1.16,1.16,1.16
2021-11-14,46824,46521,47185,44298,44025,44591,1.17,1.16,1.17
2021-11-15,58521,58219,58815,48370,48095,48667,1.17,1.17,1.18
2021-11-16,57569,57218,57888,51727,51422,52046,1.18,1.18,1.19
2021-11-17,57029,56686,57354,54986,54661,55310,1.19,1.18,1.19
2021-11-18,55426,55064,55684,57136,56797,57435,1.17,1.17,1.17
2021-11-19,55825,55495,56184,56462,56116,56778,1.14,1.14,1.15
2021-11-20,53582,53217,53860,55466,55115,55771,1.12,1.12,1.12
2021-11-21,53473,53127,53900,54577,54226,54907,1.09,1.09,1.09
2021-11-22,63709,63437,63981,56647,56319,56981,1.06,1.06,1.06
2021-11-23,58857,58593,59178,57405,57093,57730,1.04,1.03,1.04
2021-11-24,57379,57035,57733,58354,58048,58698,1.01,1.01,1.01
2021-11-25,52366,51969,52689,58078,57758,58395,.99,.99,.99
2021-11-26,52481,52197,52807,55271,54948,55602,.97,.97,.97
2021-11-27,48988,48655,49331,52804,52464,53140,.96,.96,.97
2021-11-28,50236,49904,50613,51018,50681,51360,.96,.95,.96
2021-11-29,57704,57365,57970,52352,52030,52680,.96,.96,.96
2021-11-30,55943,55651,56270,53218,52893,53546,.96,.96,.97
2021-12-01,55671,55384,56052,54889,54576,55226,.96,.96,.97
2021-12-02,49274,48891,49669,54648,54322,54990,.97,.97,.97
2021-12-03,48086,47826,48402,52244,51938,52598,.96,.96,.97
2021-12-04,44700,44426,45070,49433,49132,49798,.96,.95,.96
2021-12-05,45581,45220,45937,46910,46591,47269,.95,.95,.95
2021-12-06,52435,52145,52723,47700,47404,48033,.94,.94,.94
2021-12-07,47542,47237,47930,47564,47257,47915,.92,.92,.92
2021-12-08,45007,44726,45357,47641,47332,47987,.91,.91,.91
2021-12-09,40993,40703,41235,46494,46202,46811,.9,.9,.9
2021-12-10,40380,40078,40640,43481,43186,43790,.9,.89,.9
2021-12-11,35865,35640,36166,40561,40286,40849,.89,.89,.89
2021-12-12,34852,34542,35173,38023,37740,38303,.88,.88,.89
2021-12-13,42152,41830,42417,38312,38022,38599,.88,.88,.88
2021-12-14,39374,39086,39720,38061,37774,38369,.87,.87,.87
2021-12-15,34798,34525,35109,37794,37496,38105,.87,.87,.87
2021-12-16,30649,30360,30927,36743,36450,37043,.86,.86,.86
2021-12-17,28522,28332,28769,33336,33076,33631,.85,.85,.85
2021-12-18,25977,25766,26213,29987,29746,30254,.85,.85,.86
2021-12-19,27594,27370,27835,28186,27957,28436,.85,.85,.85
2021-12-20,32682,32455,32975,28694,28481,28948,.85,.85,.85
2021-12-21,29234,28965,29444,28872,28639,29117,.85,.85,.85
2021-12-22,26429,26222,26732,28985,28753,29246,.85,.85,.86
2021-12-23,25255,25072,25474,28400,28178,28656,.88,.88,.88
2021-12-24,25766,25549,26013,26671,26452,26916,.92,.92,.93
2021-12-25,26593,26388,26837,26011,25808,26264,.98,.98,.98
2021-12-26,31118,30898,31359,27183,26976,27420,1.03,1.03,1.04
2021-12-27,38089,37814,38392,30391,30162,30650,1.09,1.09,1.1
2021-12-28,37520,37216,37740,33330,33079,33582,1.13,1.13,1.13
2021-12-29,34666,34413,35003,35348,35085,35623,1.15,1.15,1.15
2021-12-30,33152,32880,33417,35857,35581,36138,1.17,1.16,1.17
2021-12-31,34962,34679,35248,35075,34797,35352,1.19,1.18,1.19
2022-01-01,40548,40218,40819,35832,35547,36122,1.23,1.23,1.23
2022-01-02,50004,49641,50380,39667,39354,39966,1.29,1.28,1.29
2022-01-03,61151,60804,61457,46666,46335,46976,1.31,1.31,1.31
2022-01-04,55041,54704,55365,51686,51341,52005,1.3,1.29,1.3
2022-01-05,49342,49068,49649,53885,53554,54213,1.26,1.26,1.26
2022-01-06,47856,47547,48267,53348,53031,53684,1.22,1.22,1.22
2022-01-07,51967,51590,52316,51052,50727,51399,1.21,1.2,1.21
2022-01-08,57859,57553,58237,51756,51439,52117,1.2,1.2,1.21
2022-01-09,66438,65963,66809,56030,55663,56407,1.21,1.21,1.21
2022-01-10,81089,80588,81587,64339,63923,64737,1.22,1.22,1.22
2022-01-11,80092,79492,80537,71370,70899,71792,1.24,1.24,1.24
2022-01-12,77158,76581,77612,76194,75656,76636,1.27,1.26,1.27
2022-01-13,78491,78060,78937,79207,78680,79668,1.29,1.28,1.29
2022-01-14,85260,84734,85760,80250,79716,80711,1.29,1.29,1.3
2022-01-15,93195,92705,93597,83526,83020,83976,1.3,1.3,1.31
2022-01-16,108042,107458,108521,91247,90739,91704,1.32,1.32,1.33
2022-01-17,130713,130062,131295,104303,103740,104793,1.35,1.35,1.35
2022-01-18,137546,137060,138197,117374,116821,117902,1.37,1.37,1.37
2022-01-19,135003,134350,135395,127826,127233,128352,1.37,1.36,1.37
2022-01-20,134361,133755,135043,134406,133807,134982,1.34,1.34,1.35
2022-01-21,138940,138264,139503,136462,135857,137034,1.3,1.3,1.31
2022-01-22,141113,140483,141770,137354,136713,137928,1.26,1.26,1.27
2022-01-23,153518,152807,154258,141983,141327,142643,1.24,1.24,1.24
2022-01-24,183079,182223,183839,154162,153444,154842,1.22,1.21,1.22
2022-01-25,182040,181350,182832,164937,164216,165675,1.19,1.19,1.19
2022-01-26,166692,165979,167379,171332,170590,172077,1.15,1.15,1.15
2022-01-27,154798,154051,155428,171652,170901,172369,1.11,1.11,1.11
2022-01-28,154993,154435,155600,164631,163954,165310,1.08,1.08,1.08
2022-01-29,158731,158046,159493,158804,158128,159475,1.06,1.06,1.07
2022-01-30,170047,169283,170910,159642,158954,160357,1.06,1.05,1.06
2022-01-31,195071,194198,195847,169711,168990,170462,1.06,1.06,1.06
2022-02-01,206570,205917,207197,182605,181861,183361,1.07,1.06,1.07
2022-02-02,188668,187945,189427,190089,189335,190845,1.07,1.06,1.07
2022-02-03,174449,173818,175025,191190,190469,191874,1.07,1.07,1.07
2022-02-04,173158,172385,173776,185711,185016,186356,1.05,1.05,1.06
2022-02-05,165118,164360,165791,175348,174627,176004,1.04,1.04,1.04
2022-02-06,171930,171131,172538,171164,170423,171782,1.02,1.02,1.02
2022-02-07,191485,190588,192310,175423,174616,176104,.99,.99,.99
2022-02-08,186659,185844,187273,178798,177980,179478,.97,.97,.97
2022-02-09,169302,168562,169943,179844,179031,180516,.95,.95,.95
2022-02-10,154425,153586,155077,175468,174645,176151,.93,.93,.93
2022-02-11,147321,146663,147978,164427,163664,165068,.93,.93,.93
2022-02-12,146545,145860,147256,154398,153667,155063,.94,.93,.94
2022-02-13,157865,157102,158529,151539,150802,152210,.94,.94,.95
2022-02-14,183132,182302,183825,158716,157981,159397,.96,.96,.97
2022-02-15,184139,183358,184912,167920,167155,168631,.98,.97,.98
2022-02-16,165212,164619,165817,172587,171845,173271,.99,.99,.99
2022-02-17,155790,155004,156461,172068,171321,172754,1,1,1
2022-02-18,153082,152267,153675,164556,163812,165216,1.01,1,1.01
2022-02-19,151205,150579,151865,156322,155617,156954,1.01,1.01,1.01
2022-02-20,158740,158027,159387,154704,153969,155347,1,1,1
2022-02-21,172607,171753,173384,158909,158156,159578,.98,.98,.99
2022-02-22,170106,169549,170668,163165,162477,163826,.96,.96,.97
2022-02-23,148281,147641,148910,162434,161742,163087,.95,.94,.95
2022-02-24,134651,134007,135246,156411,155737,157052,.93,.93,.94
2022-02-25,130097,129343,130743,145784,145135,146391,.93,.93,.93
2022-02-26,131843,131307,132596,136218,135574,136873,.93,.93,.94
2022-02-27,149601,148831,150136,136548,135872,137180,.96,.96,.97
2022-02-28,185510,184568,186352,149263,148512,149957,1.02,1.02,1.02
2022-03-01,205253,204625,206005,168052,167333,168772,1.08,1.08,1.08
2022-03-02,193957,193125,194635,183580,182787,184282,1.13,1.12,1.13
2022-03-03,172203,171528,172864,189231,188461,189964,1.15,1.15,1.16
2022-03-04,173047,172366,173715,186115,185411,186804,1.17,1.16,1.17
2022-03-05,186324,185526,187088,181383,180636,182075,1.17,1.17,1.17
2022-03-06,206437,205593,207662,184503,183753,185332,1.18,1.18,1.19
2022-03-07,246541,245743,247236,203087,202307,203925,1.18,1.18,1.18
2022-03-08,254870,253998,255721,223543,222715,224427,1.16,1.16,1.16
2022-03-09,228675,228049,229506,234131,233346,235031,1.15,1.14,1.15
2022-03-10,220312,219533,221025,237600,236831,238372,1.14,1.14,1.14
2022-03-11,231939,231103,232726,233949,233171,234744,1.13,1.12,1.13
2022-03-12,224659,223677,225616,226396,225590,227218,1.12,1.12,1.13
2022-03-13,243704,242743,244533,230154,229264,230975,1.11,1.11,1.12
2022-03-14,284144,283281,285210,246112,245201,247021,1.09,1.08,1.09
2022-03-15,276554,275706,277248,257265,256352,258152,1.07,1.07,1.07
2022-03-16,241805,240873,242583,261552,260651,262394,1.04,1.04,1.04
2022-03-17,217589,216844,218450,255023,254176,255873,1.01,1.01,1.01
2022-03-18,216763,216068,217578,238178,237373,238965,1,.99,1
2022-03-19,220931,220071,221925,224272,223464,225134,.98,.98,.98
2022-03-20,236259,235459,237089,222886,222111,223760,.96,.96,.97
2022-03-21,248229,247422,248986,230545,229755,231394,.94,.94,.95
2022-03-22,228044,227310,228888,233366,232566,234222,.92,.92,.92
2022-03-23,198183,197379,198917,227679,226892,228470,.9,.9,.9
2022-03-24,174270,173491,174971,212181,211400,212940,.89,.89,.89
2022-03-25,167293,166626,167827,191948,191201,192650,.88,.88,.88
2022-03-26,165077,164317,165851,176206,175453,176891,.86,.86,.86
2022-03-27,170720,170036,171507,169340,168617,170039,.85,.84,.85
2022-03-28,184425,183537,185254,171879,171129,172610,.84,.83,.84
2022-03-29,172259,171445,172965,173120,172334,173894,.83,.83,.83
2022-03-30,143994,143287,144604,167849,167076,168582,.83,.83,.83
2022-03-31,120827,120225,121507,155376,154623,156082,.83,.83,.84
2022-04-01,118080,117331,118564,138790,138072,139410,.84,.84,.84
2022-04-02,123075,122452,123770,126494,125824,127111,.84,.84,.84
2022-04-03,125877,125333,126436,121965,121335,122569,.84,.84,.84
2022-04-04,138169,137666,138680,126300,125695,126862,.84,.84,.84
2022-04-05,132661,132029,133283,129945,129370,130542,.85,.85,.85
2022-04-06,120166,119476,120754,129218,128626,129788,.88,.87,.88
2022-04-07,108329,107839,108806,124831,124252,125381,.9,.9,.9
2022-04-08,102312,101896,102793,115867,115310,116409,.93,.92,.93
2022-04-09,107862,107412,108335,109667,109156,110172,.93,.93,.93
2022-04-10,110201,109485,110786,107176,106658,107680,.93,.93,.94
2022-04-11,128049,127417,128779,112106,111552,112673,.93,.93,.93
2022-04-12,114831,114291,115386,115236,114651,115821,.92,.92,.92
2022-04-13,98358,97775,98939,112860,112242,113472,.92,.91,.92
2022-04-14,88692,88192,89153,107483,106918,108064,.9,.9,.9
2022-04-15,80605,80042,81146,95621,95075,96156,.89,.89,.9
2022-04-16,87033,86658,87555,88672,88166,89198,.9,.9,.9
2022-04-17,94322,93780,94798,87663,87168,88163,.89,.89,.89
2022-04-18,104746,104186,105383,91676,91166,92220,.92,.92,.92
2022-04-19,117808,117172,118429,100977,100449,101541,.96,.96,.97
2022-04-20,109373,108818,109843,106562,105989,107113,.99,.98,.99
2022-04-21,89054,88411,89520,105245,104647,105793,1.02,1.02,1.02
2022-04-22,79757,79191,80273,98998,98398,99516,1.01,1,1.01
2022-04-23,80609,80027,81069,89698,89112,90176,.98,.98,.98
2022-04-24,89349,88749,89855,84692,84094,85179,.97,.97,.97
2022-04-25,94485,93985,95102,86050,85488,86575,.92,.92,.92
2022-04-26,84835,84325,85374,87319,86771,87850,.87,.87,.87
2022-04-27,71211,70770,71635,84970,84457,85491,.84,.83,.84
2022-04-28,60612,60163,61103,77786,77311,78303,.82,.82,.82
2022-04-29,62304,61941,62773,69740,69300,70221,.84,.84,.85
2022-04-30,66924,66477,67343,65263,64838,65713,.87,.87,.87
2022-05-01,70596,70117,71117,65109,64674,65584,.88,.88,.89
2022-05-02,78839,78467,79296,69666,69250,70132,.9,.9,.9
2022-05-03,77811,77433,78183,73542,73123,73985,.91,.91,.92
2022-05-04,65871,65401,66283,73279,72854,73719,.94,.93,.94
2022-05-05,55959,55577,56346,69620,69219,70027,.95,.95,.96
2022-05-06,55248,54930,55629,63722,63335,64110,.94,.94,.95
2022-05-07,56560,56226,56947,58409,58033,58801,.94,.94,.94
2022-05-08,62708,62280,63154,57619,57253,58019,.93,.92,.93
2022-05-09,68378,68017,68867,60723,60363,61149,.91,.91,.91
2022-05-10,63618,63105,64117,62816,62407,63271,.9,.9,.91
2022-05-11,53551,53228,53863,62064,61657,62500,.9,.89,.9
2022-05-12,45695,45328,46045,57810,57419,58223,.89,.89,.9
2022-05-13,44777,44343,45154,51910,51501,52295,.9,.9,.9
2022-05-14,46759,46373,47181,47696,47318,48061,.88,.88,.89
2022-05-15,45098,44770,45479,45582,45203,45964,.85,.85,.86
2022-05-16,46482,46162,46843,45779,45412,46164,.82,.82,.82
2022-05-17,42617,42297,42939,45239,44900,45610,.8,.8,.8
2022-05-18,36737,36370,37091,42734,42400,43088,.8,.8,.8
2022-05-19,31858,31580,32176,39423,39102,39762,.81,.81,.81
2022-05-20,30640,30409,30974,35463,35164,35795,.8,.8,.81
2022-05-21,27768,27498,28029,31751,31464,32067,.79,.79,.8
2022-05-22,28828,28540,29157,29774,29506,30084,.79,.78,.79
2022-05-23,32732,32465,33093,29992,29728,30313,.78,.77,.78
2022-05-24,28929,28644,29194,29564,29287,29868,.79,.79,.79
2022-05-25,25499,25221,25751,28997,28717,29298,.81,.81,.81
2022-05-26,23999,23749,24252,27790,27520,28072,.86,.85,.86
2022-05-27,29947,29649,30267,27093,26816,27366,.93,.93,.94
2022-05-28,33234,32983,33565,28170,27900,28459,1.02,1.02,1.03
2022-05-29,36210,35883,36545,30847,30566,31157,1.1,1.1,1.11
2022-05-30,41033,40801,41333,35106,34829,35427,1.17,1.17,1.17
2022-05-31,41315,41031,41664,37948,37674,38277,1.2,1.2,1.21
2022-06-01,38126,37872,38427,39171,38897,39492,1.21,1.2,1.21
2022-06-02,34209,33877,34499,38671,38395,38981,1.19,1.19,1.2
2022-06-03,36760,36449,37071,37602,37307,37915,1.17,1.16,1.17
2022-06-04,41855,41474,42196,37737,37418,38048,1.15,1.14,1.15
2022-06-05,46179,45861,46492,39751,39415,40064,1.15,1.15,1.16
2022-06-06,54660,54303,55098,44863,44522,45214,1.2,1.19,1.2
2022-06-07,60738,60340,61058,50858,50494,51211,1.24,1.24,1.25
2022-06-08,60566,60177,60917,55536,55170,55891,1.28,1.27,1.28
2022-06-09,56339,55971,56755,58076,57697,58457,1.28,1.28,1.29
2022-06-10,55662,55271,56004,58326,57939,58683,1.26,1.25,1.26
2022-06-11,58531,58167,58918,57775,57396,58148,1.22,1.21,1.22
2022-06-12,61090,60657,61598,57906,57516,58318,1.18,1.18,1.19
2022-06-13,69807,69492,70210,61273,60897,61682,1.14,1.14,1.15
2022-06-14,67936,67555,68326,64341,63968,64763,1.1,1.1,1.11
2022-06-15,63374,62951,63887,65552,65164,66005,1.07,1.07,1.07
2022-06-16,60274,59842,60738,65348,64960,65790,1.06,1.05,1.06
2022-06-17,65806,65459,66137,64348,63952,64772,1.07,1.06,1.07
2022-06-18,70119,69722,70594,64893,64493,65339,1.11,1.11,1.12
2022-06-19,84131,83632,84688,70083,69663,70539,1.16,1.16,1.16
2022-06-20,95274,94638,95649,78833,78362,79267,1.18,1.18,1.18
2022-06-21,89001,88376,89454,84631,84092,85096,1.19,1.18,1.19
2022-06-22,79087,78569,79541,86873,86304,87333,1.16,1.15,1.16
2022-06-23,73851,73339,74386,84303,83730,84757,1.13,1.12,1.13
2022-06-24,79940,79398,80485,80470,79920,80966,1.1,1.1,1.11
2022-06-25,82084,81655,82514,78740,78240,79231,1.08,1.08,1.08
2022-06-26,87852,87424,88328,80932,80454,81428,1.07,1.07,1.07
2022-06-27,103397,102792,104056,88318,87817,88846,1.06,1.06,1.06
2022-06-28,98102,97663,98646,92859,92383,93386,1.05,1.04,1.05
2022-06-29,85107,84648,85573,93615,93132,94150,1.05,1.05,1.05
2022-06-30,79672,79128,80231,91570,91058,92126,1.03,1.03,1.03
2022-07-01,77792,77323,78264,85168,84690,85678,1,1,1.01
2022-07-02,75307,74864,75685,79469,78991,79938,1,1,1
2022-07-03,90396,89940,90864,80792,80314,81261,1,1,1
2022-07-04,109114,108601,109644,88152,87682,88614,1.01,1.01,1.02
2022-07-05,105169,104644,105752,94996,94512,95486,1.03,1.03,1.03
2022-07-06,88942,88532,89441,98405,97929,98925,1.03,1.03,1.03
2022-07-07,80590,80157,81199,95953,95483,96509,1.03,1.03,1.03
2022-07-08,84554,84092,85001,89813,89356,90348,1.04,1.04,1.04
2022-07-09,89821,89368,90321,85977,85537,86490,1.05,1.05,1.05
2022-07-10,98778,98315,99290,88436,87983,88953,1.05,1.05,1.06
2022-07-11,113013,112365,113527,96542,96035,97035,1.05,1.05,1.05
2022-07-12,110421,110053,110887,103008,102525,103506,1.04,1.03,1.04
2022-07-13,95086,94526,95579,104325,103815,104821,1.04,1.03,1.04
2022-07-14,88885,88264,89475,101851,101302,102367,1.03,1.03,1.03
2022-07-15,85918,85518,86395,95078,94590,95584,1.01,1.01,1.01
2022-07-16,81908,81403,82475,87949,87428,88481,.99,.99,1
2022-07-17,93612,93223,94040,87581,87102,88096,.97,.96,.97
2022-07-18,102070,101650,102572,90877,90448,91370,.94,.94,.94
2022-07-19,91997,91480,92527,92397,91939,92903,.93,.92,.93
2022-07-20,79610,79200,80117,91822,91388,92314,.91,.91,.91
2022-07-21,73680,73192,74225,86839,86380,87360,.91,.91,.91
2022-07-22,75151,74774,75537,80109,79661,80601,.92,.91,.92
2022-07-23,70020,69581,70433,74615,74187,75078,.9,.9,.9
2022-07-24,68597,68234,69139,71862,71445,72333,.88,.88,.88
2022-07-25,76764,76417,77175,72633,72251,73071,.86,.86,.86
2022-07-26,70820,70432,71239,71550,71166,71996,.84,.84,.84
2022-07-27,57363,56977,57773,68386,68015,68831,.83,.83,.83
2022-07-28,48400,48128,48710,63337,62988,63724,.82,.82,.82
2022-07-29,47101,46812,47527,55921,55587,56312,.81,.8,.81
2022-07-30,46061,45717,46384,49731,49408,50098,.81,.81,.82
2022-07-31,53919,53629,54224,48870,48571,49211,.82,.82,.82
2022-08-01,60300,59922,60702,51845,51520,52209,.83,.83,.84
2022-08-02,53451,52999,53745,53433,53067,53764,.85,.85,.86
2022-08-03,45120,44707,45412,53197,52814,53521,.86,.86,.87
2022-08-04,40027,39691,40406,49724,49330,50066,.88,.88,.89
2022-08-05,40657,40401,41000,44814,44449,45140,.91,.91,.92
2022-08-06,41771,41407,42073,41894,41551,42223,.92,.91,.92
2022-08-07,43171,42764,43602,41406,41065,41770,.9,.9,.9
2022-08-08,47482,47097,47876,43270,42917,43638,.9,.89,.9
2022-08-09,45718,45336,46079,44535,44151,44907,.89,.89,.89
2022-08-10,40064,39788,40323,44109,43746,44470,.91,.91,.91
2022-08-11,36530,36261,36804,42448,42120,42770,.93,.93,.93
2022-08-12,35530,35221,35859,39461,39151,39766,.93,.93,.93
2022-08-13,34497,34205,34854,36655,36369,36960,.94,.93,.94
2022-08-14,39715,39336,40030,36568,36256,36886,.94,.93,.94
2022-08-15,44857,44510,45226,38650,38318,38992,.94,.93,.94
2022-08-16,40320,39945,40618,39847,39499,40182,.94,.93,.94
2022-08-17,33720,33502,33964,39653,39323,39959,.93,.93,.93
2022-08-18,31074,30751,31399,37493,37177,37801,.92,.92,.93
2022-08-19,31908,31612,32144,34256,33952,34531,.94,.94,.94
2022-08-20,33117,32860,33359,32455,32181,32716,.94,.94,.94
2022-08-21,34292,34033,34667,32598,32314,32892,.93,.92,.93
2022-08-22,36178,35875,36518,33874,33595,34172,.91,.91,.92
2022-08-23,33462,33177,33690,34262,33986,34559,.9,.9,.9
2022-08-24,29080,28806,29445,33253,32972,33580,.91,.9,.91
2022-08-25,27605,27329,27819,31581,31296,31868,.92,.91,.92
2022-08-26,26745,26382,27004,29223,28923,29489,.91,.91,.92
2022-08-27,26064,25781,26324,27374,27074,27648,.91,.91,.91
2022-08-28,29226,28986,29512,27410,27119,27665,.91,.91,.91
2022-08-29,32996,32701,33302,28758,28462,29035,.92,.92,.92
2022-08-30,30669,30404,30936,29739,29468,30018,.94,.93,.94
2022-08-31,26478,26244,26775,29842,29584,30131,.95,.95,.95
2022-09-01,25796,25550,26032,28985,28725,29261,.97,.96,.97
2022-09-02,27127,26871,27401,27518,27267,27786,.99,.99,.99
2022-09-03,28193,27973,28489,26899,26659,27174,1.01,1,1.01
2022-09-04,30207,29967,30460,27831,27590,28096,1.03,1.02,1.03
2022-09-05,34514,34149,34781,30010,29740,30283,1.03,1.03,1.04
2022-09-06,32928,32667,33273,31461,31189,31751,1.04,1.03,1.04
2022-09-07,28969,28706,29227,31655,31372,31935,1.05,1.04,1.05
2022-09-08,28778,28519,29049,31297,31010,31582,1.04,1.04,1.05
2022-09-09,28349,28099,28692,29756,29498,30060,1.04,1.03,1.04
2022-09-10,28819,28461,29059,28729,28446,29006,1.04,1.04,1.05
2022-09-11,34359,34014,34670,30076,29773,30367,1.05,1.05,1.06
2022-09-12,39960,39676,40267,32872,32562,33172,1.07,1.07,1.07
2022-09-13,37719,37384,38051,35214,34883,35512,1.09,1.09,1.09
2022-09-14,33685,33409,33978,36431,36121,36741,1.08,1.08,1.09
2022-09-15,32239,31964,32538,35901,35608,36208,1.09,1.08,1.09
2022-09-16,34437,34186,34753,34520,34236,34830,1.09,1.09,1.1
2022-09-17,35983,35667,36365,34086,33806,34409,1.1,1.1,1.1
2022-09-18,40681,40359,40975,35835,35544,36158,1.12,1.12,1.12
2022-09-19,48670,48388,49025,39943,39650,40279,1.13,1.13,1.14
2022-09-20,47286,46994,47614,43155,42852,43495,1.15,1.14,1.15
2022-09-21,45245,44880,45582,45471,45155,45799,1.17,1.17,1.18
2022-09-22,46535,46242,46837,46934,46626,47264,1.2,1.19,1.2
2022-09-23,50827,50462,51145,47473,47144,47794,1.23,1.23,1.24
2022-09-24,57400,57023,57758,50002,49651,50330,1.28,1.28,1.29
2022-09-25,68649,68197,69160,55853,55481,56225,1.32,1.32,1.33
2022-09-26,79791,79268,80308,64167,63737,64593,1.35,1.34,1.35
2022-09-27,75963,75499,76334,70451,69996,70890,1.33,1.32,1.33
2022-09-28,67479,67024,67850,72971,72497,73413,1.27,1.26,1.27
2022-09-29,61272,60879,61602,71126,70667,71523,1.21,1.21,1.21
2022-09-30,68193,67841,68641,68227,67810,68607,1.17,1.17,1.17
2022-10-01,76345,75879,76854,68322,67905,68737,1.15,1.14,1.15
2022-10-02,83279,82745,83778,72272,71836,72719,1.16,1.16,1.16
2022-10-03,102782,102190,103357,82650,82164,83157,1.2,1.2,1.21
2022-10-04,116957,116376,117448,94841,94297,95359,1.23,1.22,1.23
2022-10-05,102241,101793,102733,101315,100776,101829,1.25,1.25,1.25
2022-10-06,89486,88883,89987,102866,102310,103381,1.23,1.23,1.23
2022-10-07,86662,86111,87074,98836,98291,99310,1.15,1.15,1.15
2022-10-08,79618,79022,79987,89502,88952,89945,1.09,1.09,1.1
2022-10-09,90490,90079,91172,86564,86024,87055,1.05,1.04,1.05
2022-10-10,103873,103336,104406,90161,89637,90660,.98,.98,.98
2022-10-11,90554,90034,91174,91134,90618,91685,.94,.94,.94
2022-10-12,79028,78580,79420,90986,90507,91543,.9,.9,.91
2022-10-13,74470,74064,74936,86981,86503,87484,.89,.89,.89
2022-10-14,78628,78189,79080,80670,80216,81152,.93,.92,.93
2022-10-15,78078,77674,78542,77551,77126,77994,.94,.94,.94
2022-10-16,78852,78473,79371,77507,77100,77982,.94,.94,.94
2022-10-17,87382,86950,87892,80735,80321,81221,.93,.93,.93
2022-10-18,78547,78195,79051,80715,80323,81214,.91,.91,.91
2022-10-19,64245,63823,64742,77257,76860,77764,.89,.89,.89
2022-10-20,52619,52206,52973,70698,70293,71164,.87,.86,.87
2022-10-21,51547,51183,51847,61740,61351,62153,.84,.83,.84
2022-10-22,50495,50183,50798,54726,54348,55090,.82,.82,.82
2022-10-23,56944,56583,57380,52901,52538,53249,.8,.8,.8
2022-10-24,61548,61133,62041,55133,54770,55516,.79,.79,.79
2022-10-25,51622,51138,52010,55152,54759,55557,.79,.79,.79
2022-10-26,40710,40248,41106,52706,52275,53134,.78,.78,.79
2022-10-27,33144,32856,33449,46756,46344,47151,.78,.78,.79
2022-10-28,31835,31537,32153,39328,38944,39679,.79,.79,.79
2022-10-29,31274,31036,31543,34241,33919,34563,.78,.78,.78
2022-10-30,34817,34473,35163,32768,32475,33077,.76,.76,.76
2022-10-31,39482,39169,39781,34352,34053,34660,.77,.77,.77
2022-11-01,39823,39485,40133,36349,36041,36655,.79,.79,.79
2022-11-02,32236,31906,32520,36589,36258,36899,.84,.84,.84
2022-11-03,30007,29673,30305,35387,35058,35685,.89,.89,.89
2022-11-04,26529,26286,26823,32149,31837,32445,.91,.91,.91
2022-11-05,25167,24945,25403,28485,28202,28763,.91,.91,.92
2022-11-06,28500,28265,28765,27551,27292,27824,.9,.89,.9
2022-11-07,32201,31908,32429,28099,27851,28355,.87,.87,.87
2022-11-08,28512,28179,28760,28595,28324,28839,.86,.85,.86
2022-11-09,24847,24639,25106,28515,28248,28765,.85,.85,.85
2022-11-10,22436,22242,22667,26999,26742,27240,.86,.86,.87
2022-11-11,23592,23352,23819,24847,24603,25088,.91,.9,.91
2022-11-12,24055,23773,24323,23732,23501,23978,.92,.92,.93
2022-11-13,25240,24937,25519,23831,23576,24082,.94,.93,.94
2022-11-14,27612,27302,27962,25125,24841,25405,.94,.93,.94
2022-11-15,26151,25897,26416,25765,25477,26055,.93,.93,.94
2022-11-16,22818,22574,23009,25455,25177,25726,.94,.94,.94
2022-11-17,20581,20380,20832,24290,24038,24555,.95,.95,.96
2022-11-18,21321,21098,21521,22718,22487,22944,.95,.94,.95
2022-11-19,21172,20882,21460,21473,21233,21705,.96,.95,.96
2022-11-20,24770,24455,25014,21961,21703,22207,.98,.98,.99
2022-11-21,30271,29955,30546,24384,24097,24635,1,1,1.01
2022-11-22,27395,27150,27649,25902,25610,26167,1.03,1.02,1.03
2022-11-23,23757,23534,23957,26548,26273,26791,1.05,1.04,1.05
2022-11-24,23150,22943,23347,26143,25895,26375,1.05,1.04,1.05
2022-11-25,24543,24267,24826,24711,24473,24945,1.06,1.06,1.07
2022-11-26,24983,24773,25281,24108,23879,24352,1.07,1.07,1.07
2022-11-27,27194,26912,27475,24967,24723,25232,1.06,1.06,1.06
2022-11-28,30991,30762,31298,26928,26678,27220,1.05,1.04,1.05
2022-11-29,28446,28164,28738,27904,27653,28198,1.04,1.03,1.04
2022-11-30,25875,25543,26098,28126,27845,28402,1.04,1.03,1.04
2022-12-01,26331,26104,26646,27911,27643,28195,1.03,1.03,1.04
2022-12-02,24558,24302,24889,26303,26028,26593,1.02,1.02,1.03
2022-12-03,24036,23794,24277,25200,24935,25477,1.02,1.02,1.02
2022-12-04,28790,28502,29077,25929,25675,26222,1.03,1.02,1.03
2022-12-05,35697,35291,36050,28270,27972,28573,1.05,1.05,1.06
2022-12-06,33371,32959,33663,30474,30136,30767,1.08,1.08,1.09
2022-12-07,29790,29527,30140,31912,31570,32232,1.08,1.08,1.09
2022-12-08,28197,27995,28483,31764,31443,32084,1.07,1.07,1.08
2022-12-09,28103,27735,28414,29865,29554,30175,1.08,1.07,1.08
2022-12-10,29860,29529,30154,28987,28696,29297,1.07,1.07,1.08
2022-12-11,32241,31961,32511,29600,29305,29890,1.07,1.06,1.07
2022-12-12,36907,36565,37214,31778,31447,32073,1.06,1.05,1.06
2022-12-13,34507,34210,34852,33379,33066,33682,1.02,1.02,1.03
2022-12-14,28596,28349,28856,33063,32771,33358,1.01,1,1.01
2022-12-15,28460,28171,28720,32117,31824,32410,1,1,1.01
2022-12-16,28579,28265,28812,30035,29749,30310,.99,.99,.99
2022-12-17,28558,28254,28832,28548,28260,28805,1.01,1,1.01
2022-12-18,33983,33654,34271,29895,29586,30158,1.02,1.02,1.03
2022-12-19,40896,40572,41186,33004,32686,33275,1.03,1.02,1.03
2022-12-20,36032,35761,36350,34867,34560,35160,1.04,1.04,1.05
2022-12-21,31031,30739,31310,35485,35181,35779,1.02,1.02,1.03
2022-12-22,25488,25253,25715,33362,33081,33640,.98,.98,.99
2022-12-23,23999,23670,24228,29138,28856,29401,.94,.94,.94
2022-12-24,20450,20174,20712,25242,24959,25491,.87,.87,.88
2022-12-25,20894,20639,21104,22708,22434,22939,.82,.81,.82
2022-12-26,25225,24946,25535,22642,22357,22895,.79,.79,.79
2022-12-27,27192,26886,27479,23440,23161,23707,.78,.78,.79
2022-12-28,22724,22363,23049,24009,23708,24292,.81,.8,.81
2022-12-29,20075,19783,20284,23804,23494,24087,.85,.84,.85
2022-12-30,18532,18269,18732,22131,21825,22386,.87,.86,.87
2022-12-31,16198,15975,16393,19382,19097,19614,.9,.89,.9
2023-01-01,18737,18518,18972,18385,18136,18595,.9,.9,.91
2023-01-02,21522,21259,21745,18747,18505,18960,.88,.87,.88
2023-01-03,18128,17910,18389,18646,18415,18875,.85,.84,.85
2023-01-04,14813,14597,15022,18300,18071,18532,.81,.81,.82
2023-01-05,12643,12464,12852,16776,16558,17002,.79,.79,.79
2023-01-06,12294,12099,12451,14469,14267,14678,.81,.81,.82
2023-01-07,12171,12022,12329,12980,12795,13163,.81,.81,.82
2023-01-08,12493,12303,12684,12400,12222,12579,.79,.79,.8
2023-01-09,13291,13103,13539,12562,12381,12751,.78,.77,.78
2023-01-10,11306,11126,11460,12315,12138,12503,.75,.75,.76
2023-01-11,8643,8454,8781,11433,11246,11616,.76,.75,.76
2023-01-12,8829,8697,8952,10517,10345,10683,.78,.78,.79
2023-01-13,8377,8192,8536,9289,9117,9432,.8,.79,.8
2023-01-14,8042,7888,8198,8473,8308,8617,.82,.81,.82
2023-01-15,9223,9086,9326,8618,8466,8753,.83,.82,.83
2023-01-16,10786,10621,10945,9107,8947,9251,.84,.84,.85
2023-01-17,9557,9427,9690,9402,9255,9539,.89,.89,.9
2023-01-18,8575,8407,8727,9535,9385,9672,.93,.92,.94
2023-01-19,8400,8231,8540,9330,9172,9475,.98,.97,.98
2023-01-20,9047,8861,9220,8895,8732,9044,1.03,1.02,1.04
2023-01-21,9662,9482,9855,8921,8745,9085,1.06,1.05,1.07
2023-01-22,11005,10821,11157,9529,9349,9693,1.1,1.09,1.11
2023-01-23,12971,12757,13218,10671,10480,10862,1.12,1.12,1.13
2023-01-24,11900,11754,12061,11384,11203,11572,1.13,1.12,1.14
2023-01-25,10836,10693,11028,11678,11506,11866,1.14,1.13,1.14
2023-01-26,10685,10504,10820,11598,11427,11782,1.12,1.11,1.12
2023-01-27,10287,10131,10465,10927,10770,11093,1.09,1.09,1.1
2023-01-28,10617,10449,10766,10606,10444,10770,1.08,1.07,1.08
2023-01-29,12167,12005,12327,10939,10772,11094,1.06,1.05,1.07
2023-01-30,14260,14061,14440,11833,11661,11999,1.06,1.05,1.07
2023-01-31,13003,12793,13192,12512,12327,12681,1.06,1.06,1.07
2023-02-01,12169,12008,12340,12900,12717,13075,1.05,1.05,1.06
2023-02-02,11222,11017,11359,12663,12470,12833,1.05,1.04,1.06
2023-02-03,11341,11157,11522,11934,11743,12103,1.05,1.05,1.06
2023-02-04,11791,11631,11977,11631,11453,11799,1.04,1.03,1.04
2023-02-05,12569,12395,12721,11731,11550,11895,1.03,1.03,1.04
2023-02-06,14527,14321,14748,12557,12376,12742,1.04,1.03,1.04
2023-02-07,14139,13914,14297,13257,13065,13436,1.02,1.02,1.03
2023-02-08,12388,12225,12561,13406,13213,13582,1.02,1.02,1.03
2023-02-09,11472,11281,11674,13132,12935,13320,1.03,1.02,1.03
2023-02-10,11935,11790,12079,12484,12302,12653,1.02,1.01,1.02
2023-02-11,12198,12000,12406,11998,11824,12180,1.03,1.03,1.04
2023-02-12,14173,13982,14368,12444,12263,12631,1.06,1.05,1.06
2023-02-13,16810,16564,17030,13779,13584,13970,1.06,1.06,1.07
2023-02-14,15309,15131,15497,14622,14419,14825,1.07,1.06,1.08
2023-02-15,13485,13295,13649,14944,14743,15136,1.06,1.06,1.07
2023-02-16,12662,12475,12843,14566,14366,14755,1.04,1.04,1.05
2023-02-17,12495,12342,12662,13488,13310,13663,1.05,1.04,1.05
2023-02-18,13907,13708,14084,13137,12955,13309,1.06,1.05,1.07
2023-02-19,16455,16239,16653,13879,13691,14060,1.08,1.08,1.09
2023-02-20,20422,20184,20687,15819,15618,16021,1.13,1.12,1.13
2023-02-21,19920,19725,20189,17676,17464,17903,1.16,1.15,1.16
2023-02-22,18610,18406,18827,18852,18638,19089,1.17,1.16,1.17
2023-02-23,16218,16042,16419,18793,18589,19030,1.15,1.14,1.15
2023-02-24,14397,14165,14616,17286,17084,17513,1.08,1.08,1.09
2023-02-25,12153,11948,12352,15345,15140,15554,1,1,1.01
2023-02-26,13084,12874,13254,13963,13757,14160,.92,.91,.92
2023-02-27,14041,13873,14237,13419,13215,13615,.83,.82,.83
2023-02-28,11073,10926,11219,12588,12405,12765,.75,.75,.75
2023-03-01,7696,7538,7864,11473,11303,11643,.68,.68,.69
2023-03-02,5776,5661,5885,9646,9499,9801,.64,.64,.64
2023-03-03,5551,5428,5725,7524,7388,7673,.63,.63,.63
2023-03-04,5656,5534,5750,6170,6040,6306,.63,.63,.64
2023-03-05,6300,6172,6463,5821,5699,5956,.63,.63,.64
2023-03-06,7429,7287,7591,6234,6105,6382,.65,.65,.66
2023-03-07,6973,6863,7108,6589,6464,6728,.69,.69,.7
2023-03-08,6005,5886,6132,6677,6552,6823,.77,.76,.77
2023-03-09,5175,5034,5317,6395,6267,6537,.87,.86,.87
2023-03-10,5281,5195,5392,5858,5744,5987,.92,.91,.93
2023-03-11,4695,4598,4780,5289,5178,5405,.95,.94,.95
2023-03-12,5784,5670,5883,5234,5124,5343,.96,.95,.97
2023-03-13,7343,7178,7492,5776,5660,5887,.95,.94,.95
2023-03-14,6194,6077,6311,6004,5881,6116,.95,.94,.96
2023-03-15,5291,5174,5390,6153,6025,6269,.96,.95,.96
2023-03-16,4894,4762,5012,5930,5798,6051,.94,.93,.95
2023-03-17,4464,4351,4551,5211,5091,5316,.95,.94,.96
2023-03-18,4369,4262,4470,4754,4637,4856,.95,.94,.96
2023-03-19,5182,5065,5303,4727,4610,4834,.91,.9,.92
2023-03-20,5667,5525,5788,4921,4800,5028,.9,.9,.91
2023-03-21,5107,4993,5211,5081,4961,5193,.89,.88,.89
2023-03-22,4344,4217,4476,5075,4950,5194,.86,.85,.87
2023-03-23,3411,3342,3492,4632,4519,4741,.86,.86,.87
2023-03-24,3073,2974,3160,3984,3881,4085,.85,.84,.85
2023-03-25,2840,2749,2923,3417,3320,3513,.81,.8,.82
2023-03-26,3081,2994,3173,3101,3015,3187,.79,.78,.8
2023-03-27,3899,3812,3982,3223,3132,3309,.77,.76,.77
2023-03-28,3218,3115,3322,3259,3168,3350,.75,.74,.76
2023-03-29,2628,2556,2705,3206,3119,3295,.76,.75,.77
2023-03-30,2306,2239,2376,3013,2930,3096,.79,.78,.79
2023-03-31,2289,2213,2368,2610,2531,2693,.83,.82,.84
2023-04-01,2356,2296,2438,2395,2326,2472,.86,.85,.87
2023-04-02,2414,2341,2491,2341,2272,2418,.84,.83,.85
2023-04-03,2464,2390,2558,2380,2310,2464,.82,.81,.84
2023-04-04,2247,2179,2317,2370,2301,2451,.8,.79,.81
2023-04-05,1780,1716,1863,2226,2156,2307,.79,.78,.8
2023-04-06,1505,1446,1571,1999,1933,2077,.8,.79,.81
2023-04-07,1405,1347,1471,1734,1672,1805,.79,.78,.8
2023-04-08,1449,1388,1517,1535,1474,1605,.79,.78,.8
2023-04-09,1705,1637,1770,1516,1454,1582,.81,.8,.83
2023-04-10,2128,2049,2200,1672,1605,1739,.85,.84,.87
2023-04-11,2071,1995,2161,1838,1767,1912,.92,.9,.94
2023-04-12,1909,1810,1977,1953,1872,2027,.99,.97,1.01
2023-04-13,1788,1722,1845,1974,1894,2046,1.04,1.03,1.06
2023-04-14,1701,1624,1767,1867,1787,1937,1.07,1.05,1.08
2023-04-15,1567,1510,1636,1741,1666,1806,1.05,1.04,1.07
2023-04-16,1663,1596,1728,1680,1613,1744,1.01,1,1.03
2023-04-17,1913,1838,1979,1711,1642,1777,.97,.95,.98
2023-04-18,1804,1735,1881,1737,1670,1806,.93,.91,.94
2023-04-19,1512,1446,1567,1723,1654,1788,.9,.88,.91
2023-04-20,1379,1316,1442,1652,1584,1717,.88,.87,.9
2023-04-21,1293,1234,1348,1497,1433,1559,.86,.85,.88
2023-04-22,1066,1012,1122,1313,1252,1369,.87,.85,.88
2023-04-23,1419,1359,1488,1289,1230,1350,.87,.86,.88
2023-04-24,1569,1499,1632,1337,1276,1397,.86,.85,.87
2023-04-25,1342,1279,1403,1349,1287,1411,.86,.85,.87
2023-04-26,1072,1027,1139,1350,1291,1415,.84,.82,.85
2023-04-27,948,900,989,1232,1176,1291,.84,.83,.86
2023-04-28,1031,980,1093,1098,1046,1156,.87,.85,.88
2023-04-29,918,875,969,992,945,1047,.86,.84,.87
2023-04-30,963,920,1017,965,919,1017,.86,.84,.87
2023-05-01,1188,1134,1246,1025,977,1081,.88,.85,.9
2023-05-02,1272,1209,1333,1085,1034,1141,.91,.89,.93
2023-05-03,1242,1194,1300,1166,1114,1224,.96,.94,.97
2023-05-04,882,840,932,1146,1094,1203,1,.97,1.02
2023-05-05,977,934,1019,1093,1044,1146,1.01,.99,1.02
2023-05-06,918,877,961,1005,961,1053,.99,.97,1.01
2023-05-07,1004,950,1052,945,900,991,1.01,.99,1.03
2023-05-08,1278,1215,1335,1044,994,1092,.97,.95,.99
2023-05-09,929,888,979,1032,982,1082,.91,.89,.93
2023-05-10,791,746,827,1000,950,1048,.88,.86,.9
2023-05-11,697,655,739,924,876,970,.84,.82,.85
2023-05-12,720,676,770,784,741,829,.84,.82,.85
2023-05-13,636,596,674,711,668,752,.84,.82,.86
2023-05-14,638,592,680,673,630,716,.81,.8,.83
2023-05-15,930,889,972,731,688,774,.8,.78,.82
2023-05-16,639,603,685,710,670,753,.81,.79,.83
2023-05-17,624,592,659,708,669,749,.83,.82,.85
2023-05-18,543,510,574,684,648,722,.87,.85,.89
2023-05-19,638,601,678,611,576,649,.91,.89,.93
2023-05-20,576,541,616,595,561,632,.93,.91,.95
2023-05-21,600,551,646,589,551,629,.91,.89,.93
2023-05-22,700,657,742,628,587,671,.92,.9,.94
2023-05-23,590,554,624,617,576,657,.9,.89,.93
2023-05-24,503,460,542,598,556,639,.89,.87,.91
2023-05-25,458,430,493,563,525,600,.89,.87,.91
2023-05-26,421,395,449,493,460,527,.83,.81,.85
2023-05-27,256,235,279,410,380,441,.81,.8,.83
2023-05-28,438,409,466,393,367,422,.78,.76,.8
2023-05-29,496,450,534,403,372,432,.79,.77,.81
2023-05-30,457,426,490,412,380,442,.83,.8,.85
2023-05-31,407,378,438,450,416,482,.85,.83,.87
2023-06-01,385,348,419,436,401,470,.88,.85,.9
2023-06-02,330,293,366,395,361,428,.92,.89,.95
2023-06-03,279,244,308,350,316,383,.9,.88,.93
2023-06-04,298,266,325,323,288,355,.88,.86,.91
2023-06-05,367,340,399,319,286,350,.88,.86,.9
2023-06-06,368,328,401,328,294,358,.84,.81,.87
2023-06-07,321,283,360,339,304,371,.86,.83,.89
2023-06-08,308,271,353,341,306,378,.9,.86,.94
2023-06-09,319,250,385,329,283,375,.94,.89,.99
2023-06-10,303,260,351,313,266,362,1,.93,1.05
2023-06-11,357,256,456,322,259,386,1.04,.96,1.1
2023-06-12,375,266,460,339,258,413,1.09,.99,1.19
2023-06-13,484,258,696,380,260,491,,,
